file,healthyTCRs.p,cancerTCRs.p
healthyTCRs.p,2.2365572036483217e-08,2.3423483919265826e-20
cancerTCRs.p,5.088382766519883e-20,1.2345434006901548e-07
