file,healthyTCRs.p,cancerTCRs.p
healthyTCRs.p,1.7938807031502688e-08,2.4088665629218094e-20
cancerTCRs.p,5.882655992694996e-20,7.455911807938327e-08
