file,healthyTCRs.p,cancerTCRs.p
healthyTCRs.p,18482330889.123207,0.0540364673449725
cancerTCRs.p,0.029216099878592746,2085889705.5554876
