file,healthyTCRs.p,cancerTCRs.p
healthyTCRs.p,15910455944.153025,2.8256023048462516e-08
cancerTCRs.p,4.6815034717988064e-08,1825993152.8784962
