file,VTEHDTLLY.p,TPRVTGGGAM.p,NLVPMVATV.p,LPRRSGAAGA.p,GLCTLVAML.p,GILGFVFTL.p,CTELKLSDY.p
VTEHDTLLY.p,15522025376.820856,6.1777890900863825e-06,2.023378956052378e-10,8.277002331166514e-10,0.03075542491766384,9.873269854453469e-06,2.93309804032194e-10
TPRVTGGGAM.p,8.721332998467562e-06,117319698.29681017,0.09047201684976706,16.087200922244243,0.3581199772618743,1.8183095136559745e-05,0.08667288433292702
NLVPMVATV.p,1.8636009269814114e-09,0.08772306666961831,79514451.08159381,0.011578483987998331,3.7325380411608925e-08,0.06391737834410305,1.3070184164684688
LPRRSGAAGA.p,4.435725810801147e-09,22.88350563793853,0.014222810311895755,148233590.89498094,5.639555932046214e-05,8.526769467614907e-07,4.900116123849747e-10
GLCTLVAML.p,0.009214986840321989,0.43187910845898403,3.255961142624343e-08,5.616422871115632e-05,137827053.7995719,8.968389988469252e-07,1.787436797385436e-06
GILGFVFTL.p,1.2212194042931367e-05,1.8909530585630775e-05,0.11452657705869447,7.587243276421444e-07,7.951731549349047e-07,425452948.2461057,1.5892369780565268e-10
CTELKLSDY.p,1.5231659294258476e-08,0.0028144541706915903,0.019531532804431935,5.685304132629126e-09,1.4969562657124973e-06,3.647491391913962e-09,5457.552596171295
