file,VTEHDTLLY.p,TPRVTGGGAM.p,NLVPMVATV.p,LPRRSGAAGA.p,GLCTLVAML.p,GILGFVFTL.p,CTELKLSDY.p
VTEHDTLLY.p,44409325592.39224,3.379033376898789e-08,1.8780628713829294e-06,0.015935197378987177,0.0025860716934613982,1.4310074778803189e-05,1.9129964513875176e-07
TPRVTGGGAM.p,1.2031729046086676e-07,117319698.29681015,0.08954330472936592,5.314375697829218e-12,0.0003757423333949396,1.756670174825312e-05,0.08667288433292701
NLVPMVATV.p,3.0371879132914285e-06,0.07866483587201838,50852736.563834704,1.8239122095190767e-10,0.08602061383014942,6.396266429856264e-08,1.163053351331296
LPRRSGAAGA.p,0.004825597689592774,3.3948341650917463e-12,1.1421457805074412e-10,174251849.77804253,2.8495316801133013e-05,1.4165200919136003e-05,1.133801365766511e-05
GLCTLVAML.p,0.0010797993541461926,0.0004135903081973723,0.12112193996805334,2.8358737391709463e-05,140930266.36561674,5.136930789958061e-10,3.227218742882275e-11
GILGFVFTL.p,1.5092525829948257e-05,1.7640123791266413e-05,5.863391097163965e-08,1.3947289913450279e-05,6.231095258320485e-10,79882758.82711779,0.0027826518871813953
CTELKLSDY.p,5.811185733240152e-07,0.0028144541706915903,0.01953102170931813,6.519603077298779e-06,9.958480108714206e-10,0.0002462079867999173,5457.552596171295
