file,VTEHDTLLY.p,TPRVTGGGAM.p,NLVPMVATV.p,LPRRSGAAGA.p,GLCTLVAML.p,GILGFVFTL.p,CTELKLSDY.p
VTEHDTLLY.p,2.4527902212827963e-17,1.6016634416202509e-25,5.731704724303808e-20,1.1380923841800876e-18,2.596650734621019e-20,3.6903541153127003e-22,1.856200725382101e-24
TPRVTGGGAM.p,6.361952296247814e-24,8.30845292196985e-21,5.895765201148584e-26,2.6441524466136457e-24,7.737451053821852e-26,2.557375565510711e-29,2.721233458267885e-20
NLVPMVATV.p,9.337069111215348e-20,1.1929473669603262e-26,1.1858917410460926e-19,5.708890677205767e-20,3.5671629660000623e-22,5.073840808062399e-21,5.91296505083124e-25
LPRRSGAAGA.p,9.561895816163426e-19,1.0769057785802822e-24,5.824979830588943e-20,6.821661368950651e-20,2.5219275241688737e-23,1.9592694952856173e-18,6.87745165275648e-26
GLCTLVAML.p,4.843547448866676e-20,9.895363046521452e-27,2.8157738217086415e-22,1.571932446779317e-23,3.3114080706705435e-19,1.0485115932495713e-22,2.3034319331315255e-26
GILGFVFTL.p,1.0260584942084675e-21,5.733517203303703e-31,4.103138696957328e-21,2.2595568820230876e-18,9.023413288458385e-23,5.162317580656283e-19,4.401621581136033e-25
CTELKLSDY.p,1.6724415104163437e-22,2.2276305640856123e-20,2.1441986395663985e-23,4.67338303987316e-24,3.1032076877780736e-24,3.1603001736410485e-23,3.062756080953943e-24
