file,VTEHDTLLY.p,TPRVTGGGAM.p,NLVPMVATV.p,LPRRSGAAGA.p,GLCTLVAML.p,GILGFVFTL.p,CTELKLSDY.p
VTEHDTLLY.p,1.8648111606006344e-17,1.793651851834694e-25,1.1701499403554758e-13,5.119480460787173e-22,3.2540786219348417e-25,5.923889648298179e-20,7.003327114388207e-15
TPRVTGGGAM.p,5.789418538310682e-24,8.308452921969853e-21,8.608428594216035e-26,1.4266267060763225e-13,2.7177417202097346e-24,1.0639823059634804e-25,2.7212334582678854e-20
NLVPMVATV.p,9.135629881949837e-15,3.590949972223599e-26,3.6810378817329225e-20,3.119032750414194e-16,1.0479267642486878e-23,9.658613552613055e-24,5.267962029781235e-28
LPRRSGAAGA.p,1.6704467755490231e-21,5.852117500553207e-13,4.199212523101953e-16,9.405159061362206e-20,7.84406049054504e-16,3.3621641838773343e-25,7.22613683391449e-27
GLCTLVAML.p,2.88358115858428e-24,6.700751217292689e-25,5.073865496010663e-24,9.837450120261216e-16,2.24832540783977e-19,3.449782728317827e-18,1.2356048509045405e-25
GILGFVFTL.p,9.064321360467423e-20,1.584341019761508e-26,4.822699218647346e-24,2.1329352888432777e-25,3.4589780413661712e-18,2.312121212040263e-19,1.7614202381450945e-18
CTELKLSDY.p,4.0562433042512346e-17,2.2276305640856126e-20,9.685099566195457e-26,9.753744436398018e-25,7.891429722187358e-24,4.367948842535947e-19,3.062756080953943e-24
